response_id,timestamp,stage,job_title_or_industry,magic_wand_problem,most_time_spent,wish_doing_instead,first_laptop_thought,holding_back,social_media_vibe,email_marketing_vibe,pinterest_vibe,content_wants,show_me_how_to,advice_rejected,purchase_status_or_barrier,course_no_brainer
R001,9/21/2025 11:21:13,"I want more automation, evergreen sales, and soft productivity ☁️",Small biz owner slash editor slash publicist,Disappear tech issues to seamlessly connect creativity to all marketing channels,"Zooms, emails, editing ","Zooms, writing and guest speaker events - places where I feel most myself ",Nagging to dos ,Probably my tech hesitations,"🐌 Pressure, but can’t keep up","🐌 Pressure, but can’t keep up",✨ My fave!,"Replacing Social Content with Slow Marketing☕, More Leads from Pinterest 📌",Store and translate all my ideas into high conversion social and email (you’re already doing that! Just want to get it all into my muscles) verrry interested in Pinterest as it’s a happier place for me than IG.,I am tired of IG crap that talks about gaming algorithms. ,I am the happiest customer of Alyssa of All Time 🫶🏼,A tech day where group people bring all their tech questions. A tune up session where you go thru all workflows looking for errors and ways to optimize 
R002,9/21/2025 12:14:35,I’ve been in the game for a while but need more clients 💵,SEO Specialist,Leads on Autopilot (I don't have enough time to spend on my business) ,Service Delivery,Sales and Productized Service Delivery,Check email for fires to put out,Time to create a productized offer,🌀 Inconsistent,🌀 Inconsistent,✂️ Would love to market without it,"Growing an Email List 💌, More Automated Sales from Email 🤖, More Clients 💵, Creating passive income from existing offers 📈",productize seo services,Do what others have done to be successful,Pretty sure I have purchased from you. ,Done For You
R003,9/21/2025 12:30:12,"I want more automation, evergreen sales, and soft productivity ☁️",Productivity Coach (home management & productivity niche),Conversion/sales growth,Content,work - more time on memberhsip but it needs to grow first,figuring out what needs done that day,content & sales,✂️ Would love to market without it,"🐌 Pressure, but can’t keep up",✨ My fave!,"Replacing Social Content with Slow Marketing☕, Growing an Email List 💌, More Leads from Pinterest 📌, More Automated Sales from Email 🤖",Get more traffic from Pinterest,post reels every day ,I have gotten something through a bundle & purchased the Notion promo template,"quick & easy setups for automation, templates, etc."
R004,9/21/2025 14:57:21,I’ve been in the game for a while but need more clients 💵,"Surface designer, I run a (new) fabric shop and license my designs to brands too","Blueprint how to attract customers 😂. Especially from Pinterest and Instagram, where my ideal customers hang out the most",Designing - making new designs for my fabric shop in last weeks and figuring out how to reach more customers without need to send DM's 🤭 ,"Just making new designs, and fulfilling orders from repeating customers",Is there new order? 🤷🏻‍♀️ ,"Time - I have 2 small kids. And money of course, I can't afford to spend thousands on fabric stocks. ",🌀 Inconsistent,🌀 Inconsistent,🌀 Inconsistent,"Running a Cozy & Creative Business 🧸, Growing an Email List 💌, More Leads from Pinterest 📌, More Clients 💵, Replacing Social Content with Slow Marketing☕","Find customers and make them repeating buyers. Grow my customer base with ease, using pinterest, newsletter and ig.",Can't remember any,"Cost feels too high 💸, Not sure it will work for my business 🤔",Have no idea what I need to be successful seller so 🤷🏻‍♀️
R005,9/21/2025 15:49:13,I’ve been in the game for a while but need more clients 💵,Independent Play Coach & Motherhood Mentor,M-F Calendar of exactly what to do,Messaging,Making $$$$,I hope I got a thrivecart bot email,Time,✂️ Would love to market without it,✨ My fave!,🌀 Inconsistent,"Creating passive income from existing offers 📈, More Leads from Pinterest 📌, Replacing Social Content with Slow Marketing☕, More Automated Sales from Email 🤖",Do consisten things each day/week that move the needle towards being profitable.,That I need to be on IG or FB to succeed,I have! ,Some done FOR me aspect 
R006,9/21/2025 17:27:06,"I want more automation, evergreen sales, and soft productivity ☁️",Individual and Team Wellness Consultant,How to automate more / find more efficiencies so I can stop trading hours for dollars,"EA type tasks - scheduling, researching, building SOP's",Having meaningful conversations that give clients clear next steps for THEM to take with their EA's,Who needs attention first?,Spread out in too many places,✂️ Would love to market without it,🌀 Inconsistent,🌀 Inconsistent,Running a Cozy & Creative Business 🧸,create evergreen offers that sell so that I can focus on higher level tasks,"Post to social more, you have to be one thing and one thing only",I have purchased small offers (haven't been able to make BOH happen (yet)),"I don't know that I have the brain capacity to even dream of it, let alone do it."
R007,9/22/2025 13:56:04,"I want more automation, evergreen sales, and soft productivity ☁️",Strategic Ops Consultant,Helping me figure out how to do more effective marketing while remaining soft ,client deliverables ,consulting or calming my nervous system,i'm excited for the day. Based on my answers above you'd think it would be a fire but i've done a lot of work on that portion ,my self sabotage tendencies ,"🙈 Use it, results meh","😩 Stressful, but I rely on it",✂️ Would love to market without it,"More Automated Sales from Email 🤖, Growing an Email List 💌, Creating passive income from existing offers 📈, Replacing Social Content with Slow Marketing☕",get clients from my really great marketing ,that content needs to be hard ,"I prefer done for you / more hands-on 🤝, I'm sick of courses & groups 😬, Not sure it will work for my business 🤔",higher level training and support. too many courses are not for where i am at in business 
R008,9/23/2025 9:06:59,I’ve been in the game for a while but need more clients 💵,business owner embodiment,more people buying my services ,admin,getting my courses online videos and presenting workshops courses and speaking,"day job which is separate to my business , i am annoyed i have to had a day job ",lack of direction and how to upscale,🌀 Inconsistent,"😩 Stressful, but I rely on it",✂️ Would love to market without it,"More Clients 💵, More Automated Sales from Email 🤖, Growing an Email List 💌, Creating passive income from existing offers 📈",expand my business and sell more services,hard sell,Overwhelm / too much to do 😅,has sure fire results and gets me more clients
R009,9/23/2025 14:39:45,I’ve been in the game for a while but need more clients 💵,mindset coach,consistent automated sales - I want to be able to work 3 weeks a month and take a week off,serving clients,less repetitive 1:1 work. I also need to hire a new assistant to help with executing as I'm getting burned out on some things.,"""ugh"" LOL I don't know if there's a consistent thought, more a feeling of dread for how many private client Qs I'll have to respond to and how many of those will be repetitive rather than elevating","lack of solid boundaries with current 1:1 clients. My newest client has solid boundaries, and it's feeling so much better just a couple of weeks in. But I need to get more like her and phase out the other work that's draining me.","🙈 Use it, results meh","😩 Stressful, but I rely on it",🌀 Inconsistent,"Replacing Social Content with Slow Marketing☕, Growing an Email List 💌, Creating passive income from existing offers 📈, Running a Cozy & Creative Business 🧸, More Leads from Pinterest 📌, More Clients 💵, More Automated Sales from Email 🤖","generate consistent $25k months working 3 weeks a month (up to 30h a week those weeks) with more automated client generation and less me needing to be ""on"" at specific times",that I need to do reels and videos,Overwhelm / too much to do 😅,"Focused transformation/outcome. Instant access so I can proceed at my own pace. Async support to get Qs answered. I've been craving community, so small accountability groups would be awesome as well. "
R010,9/24/2025 10:38:55,"I want more automation, evergreen sales, and soft productivity ☁️",Digital Marketer & Creative,taking the overwhelm out of a pivot,Pivoting,"more creative things, less administrative in this pivot",Oh boy what to do first,worry I'm not making the right choices,🌀 Inconsistent,🌀 Inconsistent,🌀 Inconsistent,"Creating passive income from existing offers 📈, More Automated Sales from Email 🤖, Growing an Email List 💌, More Leads from Pinterest 📌, Replacing Social Content with Slow Marketing☕, Running a Cozy & Creative Business 🧸",rebuild - I have all the ideas but get in decision paralysis on where to start. Easier to work on client accounts,It's Easy as 123... its not! Its not one size fits all either,Overwhelm / too much to do 😅,moving from service to products ... best way not to confuse things
R011,9/24/2025 10:39:18,I’ve been in the game for a while but need more clients 💵,Siren ,Getting sales not likes ,Planning ,Enjoying life and not stressing ,Did I make a sale overnight?,"Too much planning, not enough doing ","🐌 Pressure, but can’t keep up",🌀 Inconsistent,🌀 Inconsistent,"Creating passive income from existing offers 📈, More Clients 💵, Growing an Email List 💌",Scale to 8 figures ,Just hustle harder ,Worried I won’t follow through 🙈,I don’t know 
R012,9/24/2025 10:40:34,I’m just getting started 👶,Holistic Health and Energy Work,Step by Step guide,narrowing ideas and where to start online,running a coaching holistic health and energy business around my schedule,Let today be productive,not knowing where to start,"🐌 Pressure, but can’t keep up","🙈 Use it, results meh",🌀 Inconsistent,"Running a Cozy & Creative Business 🧸, More Clients 💵, Growing an Email List 💌, More Automated Sales from Email 🤖, More Leads from Pinterest 📌, Creating passive income from existing offers 📈, Replacing Social Content with Slow Marketing☕",start and smoothly create and online presence,Just jump in,"Overwhelm / too much to do 😅, Cost feels too high 💸",an easy guide to starting from scratch which doesn't feel like rocket science. 
R013,9/24/2025 10:42:45,I’ve been in the game for a while but need more clients 💵,Freelancer,Setting systems and getting more clients ,Executing & trying to figure out what to do next,Working on the business rather than in the business,Endless things to do,Not showing up online consistently and not having systems in place to track progress,"😩 Stressful, but I rely on it",🌀 Inconsistent,🌀 Inconsistent,"More Automated Sales from Email 🤖, Creating passive income from existing offers 📈, More Clients 💵, More Leads from Pinterest 📌, Growing an Email List 💌",Set systems in place and get more clients ,Posting everyday,"Worried I won’t follow through 🙈, Overwhelm / too much to do 😅",Templates
R014,9/24/2025 10:44:37,I’ve been in the game for a while but need more clients 💵,"creative director, brand designer","get my name and abilities out there, build a ""fan"" base, always booked",socials + content,creating and connecting with current/past clients,"what does my team need, build my to-do list",lack of social / marketing strategy. myself!,"😩 Stressful, but I rely on it","🙈 Use it, results meh",🌀 Inconsistent,"More Automated Sales from Email 🤖, Replacing Social Content with Slow Marketing☕, More Leads from Pinterest 📌, Running a Cozy & Creative Business 🧸",get my business off the ground / out of plateau,new freebies for email list building,"I'm sick of courses & groups 😬, Overwhelm / too much to do 😅","the framework fo rmy specific business is there, hands on support for you (not a team member, that happens a lot with large groups)"
R015,9/24/2025 10:47:41,I’ve been in the game for a while but need more clients 💵,Social media manager and graphic designer,Growth,Finding clients,Scheduling and managing for plenty of clients,Todays the day,Fear,✨ My fave!,🌀 Inconsistent,✂️ Would love to market without it,"Growing an Email List 💌, More Clients 💵, More Automated Sales from Email 🤖, Running a Cozy & Creative Business 🧸",Grow my business.,Ive heard so much conflicting so i dont know,"Worried I won’t follow through 🙈, ",A simple plug and play plan
R016,9/24/2025 10:48:16,I’m booked out and need to scale with systems 📈,Online Business Manager/OBM,multiply me lol,client work,I enjoy handling the communication piece and making sure things are happening. I just don't want to always be the executor. ,"I have a good attitude, but I have been finding myself falling asleep/waking up in the morning with racing brain. Like my brain can't turn off when I'm sleeping.","Scared of delegating and building a team, and the responsibility. ",🌀 Inconsistent,✨ My fave!,🌀 Inconsistent,"Replacing Social Content with Slow Marketing☕, Creating passive income from existing offers 📈, More Leads from Pinterest 📌, Running a Cozy & Creative Business 🧸",make a ton of money while operating at a glacial speed,"requiring sales to come from a place of urgency. which i know is so counter intuitive against sales psychology, my entire being just repels at the thought of it lol","Overwhelm / too much to do 😅, Worried I won’t follow through 🙈",custom support is what comes to mind. like having someone look at what i'm doing and tell me what their opinion is on whether its right or wrong
R017,9/24/2025 10:49:28,I’m just getting started 👶,Realtor - Editor ,Create a zingy messaging one sheet ,procrastinating ,"posting on linked in and amplifying my value prop with SEO, etc ",Why am I still doing work for other brands and not myself? ,fear ,🌀 Inconsistent,"🐌 Pressure, but can’t keep up","🐌 Pressure, but can’t keep up","Replacing Social Content with Slow Marketing☕, More Automated Sales from Email 🤖",Leap from words to action ,"With AI pulling from IG, Im not convinved on pintrst","Overwhelm / too much to do 😅, I feel like I need to finish the first task at hand - but Id' love to! honestly I don't read all your emails to know whats what",Hmmm... 
R018,9/24/2025 10:50:50,I’m booked out and need to scale with systems 📈,CEO,Making everything talk and mesh together,Email sequence setup,Creating fun science resources or working with clients,What do I need to do first? 🤔,Consistent systems,✂️ Would love to market without it,"😩 Stressful, but I rely on it",✨ My fave!,"Creating passive income from existing offers 📈, Running a Cozy & Creative Business 🧸, More Clients 💵, More Leads from Pinterest 📌",make money easier,Anything that seems salesy with bro code. My market is women and we just don't think that way. ,"Worried I won’t follow through 🙈, Overwhelm / too much to do 😅",Just take the whole thing and give it back to me fixed lol
R019,9/24/2025 10:52:08,"I want more automation, evergreen sales, and soft productivity ☁️",Education,More leads,"Marketing, like IG",Development and vision,How to make time,My time,"🙈 Use it, results meh","🙈 Use it, results meh",🌀 Inconsistent,"Growing an Email List 💌, Replacing Social Content with Slow Marketing☕, More Clients 💵, More Automated Sales from Email 🤖, Creating passive income from existing offers 📈, More Leads from Pinterest 📌",Get the most amount of leads ,Do more to get more,Not sure if I have,Leads the most easy way
R020,9/24/2025 10:54:51,I’ve been in the game for a while but need more clients 💵,Marketing Agency,Consistency,Client work,Marketing & Systems,if I'll have time for everything,Organisation,"🐌 Pressure, but can’t keep up",🌀 Inconsistent,🌀 Inconsistent,"Growing an Email List 💌, More Leads from Pinterest 📌",get leads from Pinterest,follow trends,Worried I won’t follow through 🙈,Not sure sorry!!
R021,9/24/2025 10:54:52,I’m just getting started 👶,Digital marketer,a starter pack to help take action,figuring out how to start,something in home decor ,How can I make money,taking action,"😩 Stressful, but I rely on it","😩 Stressful, but I rely on it","😩 Stressful, but I rely on it","More Leads from Pinterest 📌, Running a Cozy & Creative Business 🧸, Replacing Social Content with Slow Marketing☕",Get started,Post 3 times a day,Worried I won’t follow through 🙈,Step by step on what to do
R022,9/24/2025 10:55:39,I’ve been in the game for a while but need more clients 💵,Web Designer ,Helping me understand how I can help people better and diversify my income stream without doing courses,Client work. ,"Some time marketing, some time being creative",Why do I already feel behind ,Doing zero marketing,🌀 Inconsistent,🌀 Inconsistent,✂️ Would love to market without it,"Running a Cozy & Creative Business 🧸, Creating passive income from existing offers 📈, Replacing Social Content with Slow Marketing☕",Create offers that feel valuable regardless of someone's budget,That we should chase growth at all costs,I'm sick of courses & groups 😬,"Seomthing simple, that genuinely helps. Nothing gimmicky or too boss babe (by which I mean, growth and profit over everything else). "
R023,9/24/2025 10:59:00,I’ve been in the game for a while but need more clients 💵,Messaging Coach,I would love to sell out my high ticket offers through reliable systems vs. high energy,"Content creation, I’m setting up my systems and content bank but it’s still the area I spend the most time in ",RELAXING lol a bit of more hands off time and biz wise working on other offers or lead magnets,“Okay gotta make sure I get everything done today” usually my content is batched but I still work on writing emails or something else ,Hmm it’s like I know what I COULD be doing but I get stuck in the “is this the right move?” and then “FCK IT WE BALL” and then “ok I need a nap for 20 years”,✨ My fave!,"🙈 Use it, results meh",🌀 Inconsistent,"More Automated Sales from Email 🤖, Creating passive income from existing offers 📈, More Leads from Pinterest 📌, Growing an Email List 💌, Replacing Social Content with Slow Marketing☕, More Clients 💵, Running a Cozy & Creative Business 🧸","Passify my business model, I LOVE working on my business but I’d love it to run without me IN it 24/7",Sales calls 🤣 I haven’t done a sales call since 2021! ,I have most of your courses 😝 but I don’t feel I’m at a point where the high ticket group programs makes sense for me or my current business,"I LOVE courses, if anything I’m a sucker for really really good templates, honestly I love your resources. Maybe a community / accountability buddy system? I feel like an A+ student but I tend to do all the things at once vs. knowing how to break it up "
R024,9/24/2025 11:01:35,I’ve been in the game for a while but need more clients 💵,"Beauty, Entertainment & Photography ",get my content in front of my ideal audience ,Education ,Taking a vacation ,Opportunities in my email ,Free time,✨ My fave!,✨ My fave!,✨ My fave!,"More Clients 💵, More Automated Sales from Email 🤖, Creating passive income from existing offers 📈, More Leads from Pinterest 📌, Replacing Social Content with Slow Marketing☕, Running a Cozy & Creative Business 🧸",Do more in less time and create systems to save time ,The constant grind ,I’m not sure if I’ve purchased before or not. ,If it was everything I was looking for
R025,9/24/2025 11:01:50,I’m just getting started 👶,Coach,How to figure out what to focus on first,Social media,Hard to say,How am I going to get it all done,Overthinking decisions and comparison ,🌀 Inconsistent,🌀 Inconsistent,🌀 Inconsistent,"Creating passive income from existing offers 📈, Replacing Social Content with Slow Marketing☕",do this without the overthinking and comparison,N /A,Not sure it will work for my business 🤔,Offer fair value price exchange
R026,9/24/2025 11:04:14,I’m just getting started 👶,Creative ,Marketing,Planning ,Creating,Where to start?,Time and resources,🌀 Inconsistent,🌀 Inconsistent,✨ My fave!,"More Leads from Pinterest 📌, Running a Cozy & Creative Business 🧸, Replacing Social Content with Slow Marketing☕, Growing an Email List 💌",Take my ideas and make them profitable so I can have more time for my babies,Follow trends,"Cost feels too high 💸, Overwhelm / too much to do 😅","Feeling like the person genuinely cares and isn’t just trying to make money off me without me actually learning, having the funds to pay for it, evidence that it can actually help me, it helps me towards my goal of financial and time independence, teaches me what will actually helpful and will work with someone like me not generic, "
R027,9/24/2025 11:07:29,I’ve been in the game for a while but need more clients 💵,I’m honestly all over the place. Maybe a subconscious reprogramming practitioner currently enrolled in esthetician school 🤣,"I wish I had an answer to help you, but I’ve tried so many things to make money and bring clients in, it feels like nothing helps! ",Honestly? I’ve given up on my business. I’ve gone back to school for a practical vocation I enjoy and hopefully blend all of my skills through an entry point that makes sense to ppl. ,Floating ,What am I even doing? ,Not having a consistent income from anywhere.,"🙈 Use it, results meh",✂️ Would love to market without it,🌀 Inconsistent,"More Leads from Pinterest 📌, Replacing Social Content with Slow Marketing☕, Running a Cozy & Creative Business 🧸, Growing an Email List 💌, More Clients 💵, Creating passive income from existing offers 📈, More Automated Sales from Email 🤖",Make my own how to’s that ppl need and buy ,All of it ,I would’ve purchased the Pinterest offer if I had an income :) ,"Buy now, pay when you generate "
R028,9/24/2025 11:10:24,I’ve been in the game for a while but need more clients 💵,Business growth strategy ,"Minimizing tech hangups, simplified ads, masteringthe art of marketing",I feel like I’ve been building the foundation of my business for six years and it still seems to take all of my time,Helping clients and making money,Some days it’s like fuck yeah let’s do this and some days. I’m questioning what I’m doing with my life.,I don’t know I’ve had eight discovery calls this month and not a single one has converted into clients. I feel like I keep refining my messaging I keep working on my outreach and sales seem to get worse.,"🙈 Use it, results meh","🙈 Use it, results meh",🌀 Inconsistent,"Creating passive income from existing offers 📈, More Clients 💵, More Automated Sales from Email 🤖",Build the business of my dreams,Any advice given to me by people in their 20s who still have an insane amount of energy and no real responsibility,"Yes, I have😊",That it’s not overcomplicated and teaches me the skill that I need
R029,9/24/2025 11:10:56,I’ve been in the game for a while but need more clients 💵,Mindset coach,Getting prospects,Social media foolishness,Actually working with soulmate clients,New day!! Keeping plugging at it!,Prosprecting and shiny objects promising wonderful things,"🐌 Pressure, but can’t keep up",🌀 Inconsistent,🌀 Inconsistent,"More Leads from Pinterest 📌, Creating passive income from existing offers 📈, More Clients 💵, Growing an Email List 💌, Replacing Social Content with Slow Marketing☕, More Automated Sales from Email 🤖",To get tons of prospects with EASE!,Must post more,Love your stuff but with no real income coming in I can barely afford to breathe,Actually I see the value in everything you offer already!
R030,9/24/2025 11:10:59,I’ve been in the game for a while but need more clients 💵,Herbalist ,"More qualified Leads, better conversions","Marketing -emails, copy, sales pages","Events, teaching",Did we even make a sale from our launch?,"Time, no money for ads, sales page and webinar no longer converting","😩 Stressful, but I rely on it",✨ My fave!,✨ My fave!,"More Clients 💵, Running a Cozy & Creative Business 🧸, More Leads from Pinterest 📌, Creating passive income from existing offers 📈, Replacing Social Content with Slow Marketing☕",Finally make all these systems I've built convert!,That I need ads,Bought your mpq,Including more 1:1 review or biz coaching 
R031,9/24/2025 11:11:07,I’m just getting started 👶,Live Calligraphy Artist ,Automations,Admin work,More live events ,I got So much to do! ,My 9-5,"🐌 Pressure, but can’t keep up",🌀 Inconsistent,🌀 Inconsistent,"More Leads from Pinterest 📌, More Clients 💵, Growing an Email List 💌, More Automated Sales from Email 🤖, Replacing Social Content with Slow Marketing☕",Have a system to organize everything ,Posting frequently ,Yes I have purchased ,To help me create systems in place to run my business smoothly 
R032,9/24/2025 11:21:00,I’ve been in the game for a while but need more clients 💵,Marketing Strategist + Copywriter ,I would want to master sales so i can land more high paying clients and sell anything in a compelling way,Pitching and writing ,I wish i was creating profitable marketing campaigns for clients or on a vacation ☻ ,I wish i could be making money in my sleep and had a product that would make me money without beng tied to my time. I wish my mornings were greated with sales notifications and dream client inquiries. I wish i didnt have to pitch and clients will find me or be referred to me,My mindset-  I dont fully believe i can have success or make money i want,🌀 Inconsistent,🌀 Inconsistent,✂️ Would love to market without it,"Replacing Social Content with Slow Marketing☕, Running a Cozy & Creative Business 🧸, More Clients 💵, More Automated Sales from Email 🤖, Creating passive income from existing offers 📈",Master high ticket sales ,You need to niche down ,Overwhelm / too much to do 😅,Activations and Accountabilty
R033,9/24/2025 11:33:47,I’ve been in the game for a while but need more clients 💵,Coach,"Walk away from social media forever and have everything grow bigger and better ie. email, blog, community, courses, podcast, coaching, etc",social media,studying and creating things irl that contribute to my health and well-being and to my business too,what now?!?,"social media - performing, noise, nonsense, following trends, not actually doing it, but stuck not doing what I want cause the voice is that you have to this other crap, you know? :)",✂️ Would love to market without it,✨ My fave!,✨ My fave!,"More Leads from Pinterest 📌, Growing an Email List 💌, More Automated Sales from Email 🤖, Running a Cozy & Creative Business 🧸, Creating passive income from existing offers 📈, Replacing Social Content with Slow Marketing☕, More Clients 💵",repurpose what I already create for courses and clients and clip it up into smaller/digestible bite-sizes for sharing/marketing that is the least amount of blarney and most bang ,"almost all of it. i'm an odd duck and i like that about me, lol!",i only recently found you,"it's not about what it is, it's about the vibe from it so cozy, nerdy, library, fireplace vibes of a secret garden library far away from the noise of social media and the online orgy space would be fab!"
R034,9/24/2025 11:40:40,"I want more automation, evergreen sales, and soft productivity ☁️",Photographer/Educator,A plethora of high-intent buyer leads (ie: dream students) flowing my way,"Developing the backend messaging, systems and admin tasks... I've tried hiring assistants to take over some of the admin/repeatable/tedius tasks, but it's been difficult. It's hard to find affordable assistants that have the same attention to detail, and even after months spent training and investing in them I still end up feeling like I just play ""manager"".  ","Creating (content I feel inspired to create) + coaching. I love going live with my community...would love to do more live events even, but only after I grow the community more to make the time and financial investment make sense. Outside of work: time with family and loved ones, traveling, learning, personal development, spending time outdoors, deepening myself spiritually","Overwhelm. I often have 30+ tabs open, and that's also how my mind feels most of the time","Inconsistency. I'm essentially invisible because I stopped showing up & nurturing my audience. I let my list go cold. I ghosted my IG/YT followers. I experienced the most growth when I was showing up consistently and serving with heart... And I don't know, part of me wonders if it's an upper limit effect? It was working great – then I stopped doing what was working. I struggle to balance the front-end content creation role with building the business (alllll the behind the scenes things) so I stop showing up, and the business suffers. ",🌀 Inconsistent,🌀 Inconsistent,🌀 Inconsistent,"Creating passive income from existing offers 📈, More Automated Sales from Email 🤖, Growing an Email List 💌","streamline. I feel like I'm trying to juggle too many things, and need to focus in.","Hmm, so much bad advice, but one thing isn't coming up for me.","I have, and love your stuff! I haven't purchased your core offer however because I'm in other high ticket courses/coaching programs that offer similar things. I want to take full advantage of those before spending more money (especially when it comes to higher ticket investments)","Wow, this is a great question... I honestly think what you've done with Back of House is sounds pretty freaking incredible. I'm not sure what more support would make it more ""worth it."" My business just isn't in the place to support spending more at the moment. But I'll share some of the reasons I follow you, and perhaps that would give insight: I love how strategic you are, love love your emails (both from a consumer and marketer perspective), love the blend of automated and personalized approach (something I'd like to crack myself), love your energy. I love following people who have elements of what I'd love to model and bring into my own business, and I love your genuine, non pretentious down-to-earth vibe while clearly knowing your shit ;) "
R035,9/24/2025 11:47:15,I’m just getting started 👶,Tarot reader & astrologer,Clear and efficient systems,Developing SOPs,Self care,What urgent emails have or will come through,Building from the ground up and not kmowing what to do,"😩 Stressful, but I rely on it",✂️ Would love to market without it,✨ My fave!,"Creating passive income from existing offers 📈, Replacing Social Content with Slow Marketing☕, Running a Cozy & Creative Business 🧸, More Clients 💵, More Leads from Pinterest 📌",Navigate the chaos and vagueness,Keep on grining ,"Overwhelm / too much to do 😅, Cost feels too high 💸",I feel it would set up a standard procedure/template on what tasks need to be done and which should be prioritisede
R036,9/24/2025 11:51:56,I’ve been in the game for a while but need more clients 💵,ceo,consistency in income and clients/customers,creating content/building an audience and engagement,writing! and more time to start other things i want to create ,what do i start with? what am i working on today?,lack of clarity on what to do. creating social content is my worst enemy and i don’t want to do it but obvs need visibility. instead i make myself “busy” to avoid content creation ,✂️ Would love to market without it,🌀 Inconsistent,"🙈 Use it, results meh","Replacing Social Content with Slow Marketing☕, More Leads from Pinterest 📌, Growing an Email List 💌, Running a Cozy & Creative Business 🧸, More Clients 💵",have an audience that buys ,be on instagram all the time. hustle until you don’t need to anymore.,Cost feels too high 💸,"i think your stuff is totally worth the price, i just don’t earn enough (barely to cover my bills)"
R037,9/24/2025 12:04:50,I’m just getting started 👶,Artist,Clarity on what to offer,Social media content creation,Composing music,What will I create today?,Order- I work full time and am a mom of teens. Time and energy are precious resources.,"🐌 Pressure, but can’t keep up",🌀 Inconsistent,✨ My fave!,"Growing an Email List 💌, More Automated Sales from Email 🤖, More Clients 💵, Replacing Social Content with Slow Marketing☕, Running a Cozy & Creative Business 🧸",Make it easy and affordable,Be the best at what you do. Like nobody ever has imposter syndrome?,I have ,If it actually helped me fit it in to my busy schedule and feel good about selling.
R038,9/24/2025 12:05:44,I’ve been in the game for a while but need more clients 💵,Mindset Coach,Leads & building email list ,Social media content ,coaching clients,Should I go back to corporate ,Fear of failure ,✂️ Would love to market without it,"😩 Stressful, but I rely on it",🌀 Inconsistent,"More Leads from Pinterest 📌, More Automated Sales from Email 🤖, Replacing Social Content with Slow Marketing☕",get consistent leads without flashy social media video 3X a day,I need to post 3X a day on IG ,"If I am honest I am not sure if they are for me, sales page needs more clarity on the offers.  I am a quick buyer if a sales pages has at least one module if I am like OH I NEEDTHAT",How to realistically get sales and leads.  I think a lot of people are doing it via ads and are being dishonest about it.  I don't feel that way about YOU but it has been my experience 
R039,9/24/2025 12:08:31,I’ve been in the game for a while but need more clients 💵,"Transformational Change (Coach & Mentor for Strategy, Business, Career)",Bringing more ideas to fruition - get too excited about new ideas,1x 1 and organizing myself,"More group work in business, more time to get back home to see my parents as they are aging",I get to do what I love!  I really do love the business I've created and it feels good,Growing - I want growth in impact but not time commitment,🌀 Inconsistent,🌀 Inconsistent,"🙈 Use it, results meh","Creating passive income from existing offers 📈, Running a Cozy & Creative Business 🧸, Replacing Social Content with Slow Marketing☕, More Clients 💵",Take my past group program and make it a low cost evergreen,I HATE the emotional pain point hook - I prefer to be magnetic through inspiring people,"I have purchased products, love them","To know that at the end of it, I will have something done and implementable.  That I can tweak to make my own, but to know its done and complete."
R040,9/24/2025 12:08:41,I’ve been in the game for a while but need more clients 💵,Grief Coach,Having to plan social media stuff,Trying to figure out the perfect funnel,Just cruising along letting my systems do their work,Who do I need to email,Struggling to understand marketing and not wanting to feel sales,✂️ Would love to market without it,🌀 Inconsistent,🌀 Inconsistent,"Creating passive income from existing offers 📈, Growing an Email List 💌, Replacing Social Content with Slow Marketing☕, More Automated Sales from Email 🤖, More Clients 💵, More Leads from Pinterest 📌",Automate things more ,That you shouldn’t make pricing accessible,I prefer done for you / more hands-on 🤝,Honestly payment plans to make cost sustainable
R041,9/24/2025 12:17:43,I’m just getting started 👶,Marketing,Visibility,Leads,Helping people,Lets do this!,TIme,🌀 Inconsistent,🌀 Inconsistent,🌀 Inconsistent,"More Clients 💵, Creating passive income from existing offers 📈",help people and profit,on camera,Overwhelm / too much to do 😅,step by step instruction
R042,9/24/2025 12:30:59,"I want more automation, evergreen sales, and soft productivity ☁️","Wellness, longevity, biohacking, peak performance coach. Still trying to niche down…",I need to implement the automations that I have been procrastinating for years ,I have been making 2 content manually every single day for two years. I want to systemize content creation.,"Getting on sales calls, being able to serve clients","Outside of posting 2 content manually daily and doing a weekly LinkedIn live, I’m not able to work in my business due to dysregulation but I’m finally starting to get through all these important personal tasks that have been weighing I me so I can focus on making money and building my business.","Overwhelm, lots of personal tasks to finally address and complete before I can focus on my business ","🙈 Use it, results meh",🌀 Inconsistent,🌀 Inconsistent,"Replacing Social Content with Slow Marketing☕, More Clients 💵, Growing an Email List 💌",I don’t know. Systemize content creation and scheduling the content. Yea I think I can start there. Walking me through it.,I don’t know… ,Not sure what you are selling and I don’t have the budget for it right now.,"Well, I don’t know. I know 1:1 is very expensive. Group coaching is somewhat ok. I guess because I don’t have experience I find it difficult to believe the systems and methods will work for me…"
R043,9/24/2025 12:39:37,"I want more automation, evergreen sales, and soft productivity ☁️",Founder ,Product/Service Development ,Generating Leads ,Creative work for clients ,Make sure there's no problems that need solutions. ,Education around sales. ,✨ My fave!,"🐌 Pressure, but can’t keep up",🌀 Inconsistent,"More Clients 💵, More Leads from Pinterest 📌, Growing an Email List 💌, More Automated Sales from Email 🤖",generate more leads from email + Pinterest. ,that you have to work 24/7 to make a lot of money. ,Worried I won’t follow through 🙈,"1:1 support would be extremely valuable. calls, 1:1 chats, and someone in my pocket all the time. "
R044,9/24/2025 12:40:54,I’ve been in the game for a while but need more clients 💵,Design and Social Media,Instagram!,"Client work, planning social content ",Creating passive income streams,Checking emails for inquiries :’),Maybe not knowing how to grow ,🌀 Inconsistent,🌀 Inconsistent,🌀 Inconsistent,"Creating passive income from existing offers 📈, More Automated Sales from Email 🤖, More Leads from Pinterest 📌",Start passive income and market myself on socials more effectively,Drawing a blank on this one!!,Overwhelm / too much to do 😅,I think 1:1 support somewhere in there!
R045,9/24/2025 12:47:04,I’ve been in the game for a while but need more clients 💵,Marketing Generalist ,"Fix my finances, don't know what I am doing and don't have the money to hire an accountant",Planning - trying to figure out packages to better sell myself,"Selling myself, making money",What I am doing? Is it worth it?,"Fear of pricing, am I to high or should I be charging more, will my potential clients pay for this",🌀 Inconsistent,"🙈 Use it, results meh",✂️ Would love to market without it,"More Clients 💵, Replacing Social Content with Slow Marketing☕, Running a Cozy & Creative Business 🧸",organize my finances so I can focus on my finding clients and doing that work.,Find your first clients by reaching out to family,"Overwhelm / too much to do 😅, Worried I won’t follow through 🙈, I only recently started receiving your emails. I haven't purchased from you yet but might in the future. I constantly don't follow through on courses, etc as I am getting pulled in to many directions.","Setting up your business for financial success, without burning out!  "
R046,9/24/2025 13:02:08,I’ve been in the game for a while but need more clients 💵,Business Financial Strategist,MORE AUTOMATION as a consulting based business,lead generation,Spending more time strategizing with clients,OMG I forgot to . . . ,Support. I need to hire another VA to handle more lead gen/administrative tasks that keep me further away from client generation. ,"😩 Stressful, but I rely on it",✨ My fave!,✂️ Would love to market without it,"More Automated Sales from Email 🤖, More Clients 💵, Replacing Social Content with Slow Marketing☕",Make my business less stressful,Social media is the primary way to get clients. My audience isn't primarily there. ,I feel like I have bought something (if I haven't it's because I am not sure if it will work for me),"I want something that's unique to me, coupled with strategy and group support. I want something that dives into ways of client generation beyond social media. Something that teaches if I meet a prospect at a networking event or through a referral how can I build a relationship with them to lead to a client relationship. "
R047,9/24/2025 13:42:06,I’m just getting started 👶,Just finding myself at the moment after doing a complete purge and reset.,"Coming up with my next great idea, out of a sea of what I think are great ideas lol.",Planning and research,Taking actual action on something.,Holy crap what am I actually doing here.,Not making actual decisions.,✂️ Would love to market without it,✂️ Would love to market without it,🌀 Inconsistent,"Growing an Email List 💌, More Automated Sales from Email 🤖, Replacing Social Content with Slow Marketing☕, Running a Cozy & Creative Business 🧸, More Leads from Pinterest 📌, Creating passive income from existing offers 📈",get my shit together lol.,Get out there on video. I would rather eat glass.,"Cost feels too high 💸, Overwhelm / too much to do 😅, Worried I won’t follow through 🙈","No putting yourself out there uncomfortably on social media, no video, and getting everything organized in one place after figuring out just exactly what to do. Big goals huh :) "
R048,9/24/2025 13:43:46,I’m just getting started 👶,Personal Development for Women,Having a system in place to wear all of the hats of a solopreneur without losing my mind,Offer Creation,Enjoying my new life in Italy,How am I going to be the most effective today,Having too many balls in the air and feeling like they're all on fire,🌀 Inconsistent,🌀 Inconsistent,🌀 Inconsistent,"Replacing Social Content with Slow Marketing☕, Growing an Email List 💌, Running a Cozy & Creative Business 🧸, More Automated Sales from Email 🤖, Creating passive income from existing offers 📈, More Leads from Pinterest 📌, More Clients 💵",to manage my projects and tasks in a way where i can have focus but not lose the good ideas that i have,"Post, post, post every day, five times a day. Also, niche down. I'm a multipassionate person and my business reflects that. I don't want to be pigeonholed (spelling lol?)","First, I feel like I'm not established enough with offerings to fit into one of your courses or groups. Second, I just dont have the funds. Your offerings are really reasonably priced, I just am not in the financial position to invest at the moment. I've bought some low ticket offerings though.",One on one coaching for new brands
R049,9/24/2025 13:57:00,I’ve been in the game for a while but need more clients 💵,Partnership & Influencer Strategist ,Finding new clients,Taking clients that don't serve me in order to pay my bills.,Creating influencer campaigns. ,What do I need to do first,Fear of starting over. I have been a social media manager for 10 years and pivoting is terrifying. ,🌀 Inconsistent,"🙈 Use it, results meh",🌀 Inconsistent,"More Automated Sales from Email 🤖, Growing an Email List 💌, Creating passive income from existing offers 📈, More Clients 💵, More Leads from Pinterest 📌",Find clients that are wiling to pay my rates!,To post a million times a day,I have bought products before. ,Accountability that sticks
R050,9/24/2025 14:02:30,I’ve been in the game for a while but need more clients 💵,Virtual Consultant and Digital Strategist,give me 5 paying clients with a completed program to put on on autopilot,"searching for leads, admin, and content creation ",Traveling ,What can I create today ,"family obligations, financial failures, and complete change in my life ","😩 Stressful, but I rely on it","🐌 Pressure, but can’t keep up",✂️ Would love to market without it,"Running a Cozy & Creative Business 🧸, Growing an Email List 💌, Replacing Social Content with Slow Marketing☕, More Clients 💵, Creating passive income from existing offers 📈",create multiple income streams from doing things that move me personally ,streamline and scalability ,"Worried I won’t follow through 🙈, Overwhelm / too much to do 😅, I'm sick of courses & groups 😬, I do not have a steady income yet for any purchases ",Free or be hired as a VA 
R051,9/24/2025 14:15:29,"I want more automation, evergreen sales, and soft productivity ☁️",Founder / mentor ,Systems for the ADHD brain ,Avoiding consistent visibility ,Making sales feel easier ,What am I even doing? ,Not selling ,🌀 Inconsistent,🌀 Inconsistent,🌀 Inconsistent,"Running a Cozy & Creative Business 🧸, More Clients 💵, More Automated Sales from Email 🤖, Creating passive income from existing offers 📈, More Leads from Pinterest 📌",Make sales simple with no overthinking ,You must show up everyday to make it work ,Yes I have ,Making sales simple 
R052,9/24/2025 14:32:12,I’m just getting started 👶,Founder of a stationery brand (physical & digital),"Mapping out the set up of all things CRM (best email platforms for small startup, budget checkout options, landing page platforms etc)",Content creation currently. Building a brand behind Amazon but only a one person team so need to get it dialled. ,Wish I could dedicate 100% of my time to my business and not also have a 9-5,I hope I haven’t had an influx of emails and slack messages demanding more of my time,Cash. I’m essentially bootstrapping so I’m balancing ad spend with inventory very carefully - can’t afford to go out of stock so can’t just go wild on ads. Patience is key!,"🙈 Use it, results meh",✨ My fave!,"🐌 Pressure, but can’t keep up","More Automated Sales from Email 🤖, Growing an Email List 💌",Keep it all together and get everything built so that it’s a case of monitoring and iterating,"Paraphrasing here but essentially: don’t bother with brand, just sell what’s trending",Overwhelm / too much to do 😅,"Something personalised to me/my brand… Something that blends strategy with execution so I walk away not just with “what to do,” but an actual plan built for me."
R053,9/24/2025 14:50:40,I’ve been in the game for a while but need more clients 💵,branding and marketing ops ,gaining passive income to help offset admin costs,"honestly, I'm still working in my business and need to figure out how to keep those clients without keeping them on my schedule (ie still meeting with them and working on new projects)","I wish I was working less, honestly. I want big clients with teams and I want to have a team that executes",what did I forget to do that people are asking for now via email?!?,thinking I need to do it all myself,🌀 Inconsistent,🌀 Inconsistent,🌀 Inconsistent,"Creating passive income from existing offers 📈, Growing an Email List 💌, Replacing Social Content with Slow Marketing☕",set up emails that people open and read. I need to grow from 100 to 100k in the next 3-5 years.,showing up everyday on social media will help you grow your business,"Worried I won’t follow through 🙈, I've bought but I'm so bad at follow through",Less of a course but more of a working retreat to keep me away from my desk/office and actually set up a system with you.
R054,9/24/2025 15:33:29,"I want more automation, evergreen sales, and soft productivity ☁️",I create beauty content to promote my affiliate links from ShopMy,"It takes me foreverrrr to create my Instagram posts, I need help speeding it up.",Creating the content to post.,earning money,"Ugh, where’s this magic content creation button hiding?!?",ADHD! 😂 I get so easily distracted,✨ My fave!,"🐌 Pressure, but can’t keep up","🙈 Use it, results meh","Running a Cozy & Creative Business 🧸, Growing an Email List 💌, More Leads from Pinterest 📌, More Automated Sales from Email 🤖, Creating passive income from existing offers 📈",Create beauty collages in seconds and not hours!,just keep posting more! Create video content! Show your face more!,I purchased something,"Simple, easy to do."
R055,9/24/2025 16:11:55,I’m just getting started 👶,Web designer/template creator,I want an overview audit of my entire funnel/marketing ecosystem so I can easily identify what to fix and where to maximize profit,I keep getting stuck on automating all the email campaigns I want to write for nurturing & promo,I wish I could just gather more design inspo and create more website templates to sell,"Scattered between watching trainings, clearing out email inbox, gathering marketing/design inspo",I overthing/analyze which makes it hard to actually execute the specific action due to info overload,"😩 Stressful, but I rely on it",✨ My fave!,"🐌 Pressure, but can’t keep up","More Leads from Pinterest 📌, More Automated Sales from Email 🤖, Replacing Social Content with Slow Marketing☕",cut out what's unnecessary and keeping me from making tangible business strides,That I have to post all the time on socials to grow & put hours making trendy cinematic reels with fancy editing,"Overwhelm / too much to do 😅, Worried I won’t follow through 🙈",Done-with-you support with personal audits & small group accountabiliy/support
R056,9/24/2025 17:01:05,"I want more automation, evergreen sales, and soft productivity ☁️",I’m a creative strategist and content mentor,I wish to be more consistent with blogs and NL,Actually refining my 1:1 because starting September I discontinued some services and inserted new ones,"Actually I really do love to create content and refining offers, slides and do calls is less exciting",I check my favorite blog and websites for something exciting to respond to,A good system that works with email blog and pinterest,✨ My fave!,🌀 Inconsistent,🌀 Inconsistent,"Running a Cozy & Creative Business 🧸, More Automated Sales from Email 🤖, More Leads from Pinterest 📌",Double my prices earn more doing less :D,Using storytelling in a very forced way. For example hey yesterday I spilled my coffee and it made me think about (very forced connection) so buy this offer 🙄,Yes I bought Notion templates ,I don’t think a course can replace a 1:1 mentor I think everything you can find in digital courses you can find online for free
R057,9/24/2025 17:04:58,I’m just getting started 👶,Virtual assistant ,Content strategy that is specific not generalized,Coming up with content strategy ,Travel,What should I prioritize to work on my business ,Avoiding showing myself on social media ,🌀 Inconsistent,"🐌 Pressure, but can’t keep up",🌀 Inconsistent,"Replacing Social Content with Slow Marketing☕, More Leads from Pinterest 📌, Creating passive income from existing offers 📈, More Automated Sales from Email 🤖",Plan an effective content strategy ,Post 5 times a day,Overwhelm / too much to do 😅,Work through a course that provides individual support for my specific needs
R058,9/24/2025 18:12:43,I’ve been in the game for a while but need more clients 💵,owner,someone to replace me,i am in FULFILLMENT,growing the business,UGHHHHH i need to get more organized,lack of qualified help,🌀 Inconsistent,"🙈 Use it, results meh",✂️ Would love to market without it,"More Automated Sales from Email 🤖, More Clients 💵, Creating passive income from existing offers 📈",to automate growth,not sure,"Overwhelm / too much to do 😅, I prefer done for you / more hands-on 🤝",not sure cause i am juggling too much
R059,9/24/2025 18:40:43,I’m just getting started 👶,Switching from service-based marcomm to product-based. ,"Just show me the simplest way to set up the online business, including funnel, from start to finish...doing so using AI would be even better. ",thinking ,actual getting set up online,ugh,"confusion; literally not know ""how"" or where to start. Like what is ""step 0""?","🐌 Pressure, but can’t keep up",✨ My fave!,🌀 Inconsistent,"More Leads from Pinterest 📌, More Automated Sales from Email 🤖, Growing an Email List 💌, Replacing Social Content with Slow Marketing☕, Running a Cozy & Creative Business 🧸","set up an online business that works and generates at least $1,000/month (that can be scaled to $5k+ with minimal hours)",do sales calls. do reels. do tik tok.,"I'm sick of courses & groups 😬, Overwhelm / too much to do 😅, Cost feels too high 💸",a very simple course (with no confusing bonuses!!); just straight forward and to the point blueprint. 
R060,9/24/2025 18:50:24,I’ve been in the game for a while but need more clients 💵,Strategic Planner,"My offers being so attractive that I have to do very little work, and people are beating down my door to get my offers",Marketing,I'd like to start hosting dinner parties. I enjoy reading. I also enjoy writing blog posts,"I've got limited time (I have a 9-5) I have to make sure I'm using the time I have wisely, on income producing activities, instead of just writing blog posts and enjoying that","Belief that I can just write blog posts, and people will come running (and it not take forever for that to happen)",✂️ Would love to market without it,"🙈 Use it, results meh","🙈 Use it, results meh","Replacing Social Content with Slow Marketing☕, Growing an Email List 💌, Running a Cozy & Creative Business 🧸, Creating passive income from existing offers 📈, More Clients 💵, More Automated Sales from Email 🤖, More Leads from Pinterest 📌","be so magnetic people buy from me from just one email, or one training, or one PDF, etc, I think you get what I'm saying right??","Building Instagram (but social media is free they say!) I'm open to doing consult call, because I'm a black woman in the US and want to get to know other black women in the US, but I don't want to rely on it for business, I want to be able to just connect with people on.a human level (and host dinner parties!), so, consult calls, DMing, I'm not up to networking events at the moment, but virtual ones are okay (like I said, I'm tired!)","I have in the past, but your offers, now, are out of my price range. ",A scholarship or sponsorship type of deal 
R061,9/24/2025 19:49:24,I’m just getting started 👶,Nutritionist and Personal Chrf,Lead generatiom,Content creation,Big picture strategic planning,Where am j going to find leads/clients,Not sure how to get my business out there. ,✂️ Would love to market without it,✨ My fave!,✨ My fave!,"Growing an Email List 💌, More Leads from Pinterest 📌, Replacing Social Content with Slow Marketing☕, More Clients 💵, More Automated Sales from Email 🤖, Running a Cozy & Creative Business 🧸",Generate leads,That i should focus on instagram ,I've purchased,Step by step what to do for someone just starting a business
R062,9/24/2025 20:19:20,I’ve been in the game for a while but need more clients 💵,Photographer / Designer / Educator,Clarity on direction,Production - making digital graphics,"Designing art to license, growing my biz - YouTube, etc.",Desktop. ;-) I want to get to work.,Clarity about direction so I know where to focus and how to show up.,🌀 Inconsistent,✨ My fave!,🌀 Inconsistent,"More Leads from Pinterest 📌, Creating passive income from existing offers 📈, More Automated Sales from Email 🤖, Growing an Email List 💌, More Clients 💵, Running a Cozy & Creative Business 🧸",Use Pinterest for business.,You must have a narrow niche.,"Worried I won’t follow through 🙈, honestly, I keep coming back to look, but I feel like I already have so many courses, etc. I'm tryin to take.","business systems. I feel like I'm not using any enough. What to do monthly, quarterly..."
R063,9/24/2025 21:46:37,I’m just getting started 👶,Postpartum Doula & Motherhood Coach,Managing all of my to-do's in a way that works for my brain,trying to figure out what the best next step is,"serving clients, speaking, writing",what do I need to do today? I wish I had a plan,Not having a longer term plan,🌀 Inconsistent,🌀 Inconsistent,"🐌 Pressure, but can’t keep up","Creating passive income from existing offers 📈, Replacing Social Content with Slow Marketing☕, More Clients 💵, Running a Cozy & Creative Business 🧸, More Automated Sales from Email 🤖",organize my thoughts,niche down,I'm sick of courses & groups 😬,I'm really not looking for courses right now. I've purposefully tried not to purchase anything because I have too many courses collecting dust. 
R064,9/24/2025 21:51:50,I’ve been in the game for a while but need more clients 💵,"Founder, MD",Consistent Systems ,Marketing,Working Out,What do i do today?,My Procrastination. Fears.,🌀 Inconsistent,🌀 Inconsistent,🌀 Inconsistent,"More Automated Sales from Email 🤖, Growing an Email List 💌, More Clients 💵",Plan my week so I can achieve my goals,You reap what you sow,Worried I won’t follow through 🙈,A building blocks planning that can adapt to differeent busines types - so if you are in X or Y industryy its its applicable but has key principles behind it
R065,9/24/2025 23:26:02,I’ve been in the game for a while but need more clients 💵,Independent Adviser,More business,Client correspondence,Receiving more business,Check emails & messages,Inflation; I notice more clients holding back business,"😩 Stressful, but I rely on it","😩 Stressful, but I rely on it","🐌 Pressure, but can’t keep up","Creating passive income from existing offers 📈, Growing an Email List 💌, More Automated Sales from Email 🤖, Running a Cozy & Creative Business 🧸, More Clients 💵, Replacing Social Content with Slow Marketing☕",Create more business & passive income from existing offers,Work hard,"Overwhelm / too much to do 😅, Cost feels too high 💸",Full support & guaranteed success
R066,9/25/2025 3:22:03,I’ve been in the game for a while but need more clients 💵,CEO,Get more clients without more work,Content creation and brand building consitence ,Less worry about how to set up and do things and more ease and automation ,What do I start with today ,My lack of content ideas,"🙈 Use it, results meh",🌀 Inconsistent,"😩 Stressful, but I rely on it","More Leads from Pinterest 📌, Growing an Email List 💌, More Automated Sales from Email 🤖, More Clients 💵, Running a Cozy & Creative Business 🧸, Replacing Social Content with Slow Marketing☕, Creating passive income from existing offers 📈",Get more clients with ease.,That you have to use instagram to grow your audience ,Cost feels too high 💸,It answers all my questions and has hands on support on anything and everything I need help with
R067,9/25/2025 10:31:37,I’ve been in the game for a while but need more clients 💵,Gut Health & Fitness Coach,Creating easy-lift content (or planning content that’s easy and quick) that  that engages people who become clients ,"Building a new offer, tech, etc",Watching a hands-off system run that feeds in engaged people. (But working on that!),What is priority to work on. ,Feeling burnt out about what to say in SM content and marketing content in general. ,"🐌 Pressure, but can’t keep up",🌀 Inconsistent,🌀 Inconsistent,"Growing an Email List 💌, Replacing Social Content with Slow Marketing☕, More Leads from Pinterest 📌, More Clients 💵, More Automated Sales from Email 🤖, Creating passive income from existing offers 📈, Running a Cozy & Creative Business 🧸","Be in a flow in my business. Once I have automated systems in place, how to easily create content to pull people in, how to promote as a soft launch, and make marketing and pulling people in feel like an introverted dream. ",All of the rules about Instagram that work but I’m not willing to live on my phone. ,I’m in Back of House :),"The key categories to work on in a business, what to prioritize, how to promote and engage people who will but… etc. "
R068,9/25/2025 11:02:34,I’ve been in the game for a while but need more clients 💵,Business Consultant,Quality leads not crud,Work - wrong clients though,Less work on better clients,How can I get through everything in one day,Procrastination - not focussing on the right things,✂️ Would love to market without it,"🙈 Use it, results meh",✂️ Would love to market without it,"Creating passive income from existing offers 📈, Running a Cozy & Creative Business 🧸, Replacing Social Content with Slow Marketing☕, Growing an Email List 💌, More Automated Sales from Email 🤖, More Clients 💵",make changes - I've been in business 17 years but need to change to different methods,Go on video to connect with people - I don't want to!,"Worried I won’t follow through 🙈, Not sure it will work for my business 🤔","Peer groups, different ages in the groups (I'm older), not all social media"
R069,9/25/2025 12:35:57,I’m just getting started 👶,Graphic designer,Stable income,Promoting,On boarding process,How can I get more clients ,Lack of time ,"😩 Stressful, but I rely on it","🐌 Pressure, but can’t keep up","🐌 Pressure, but can’t keep up","More Clients 💵, Creating passive income from existing offers 📈, More Leads from Pinterest 📌",Get more clienta,-,Cost feels too high 💸,Na
R070,9/25/2025 15:09:28,I’ve been in the game for a while but need more clients 💵,"Travel, Content Creation",Consistent sales,creating content to entice people,living my life,what can I do better today?,time and ME,"🙈 Use it, results meh",🌀 Inconsistent,🌀 Inconsistent,"Replacing Social Content with Slow Marketing☕, More Leads from Pinterest 📌, Creating passive income from existing offers 📈, More Clients 💵, More Automated Sales from Email 🤖, Running a Cozy & Creative Business 🧸, Growing an Email List 💌","make money consistently with my online business, show me exactly a frame work that works that I can follow",Hustle culture - I'm a splenic manifestor (human design) so I'm not built to hustle or work non stop - I need breaks so It's important that I create a business that nourishes me and makes money for me while I rest and when I'm on I'm on!,I have!,Your day to day frame work
R071,9/25/2025 16:44:46,I’ve been in the game for a while but need more clients 💵,Healing coach,Having leads messaging me ,Social media,"Holding my retreat, hosting full classes!",What do I need to do to get sales and why is it not anything I've already done hahah,Lack of motivation because I don't know if what I'm doing is actually going to work!,"🙈 Use it, results meh",🌀 Inconsistent,🌀 Inconsistent,"More Automated Sales from Email 🤖, Replacing Social Content with Slow Marketing☕","sustainably bring in new clients without posting daily, chasing the algorithm, etc ","Social media / staying top of feed is how to stay top of mind (true in part, but sometimes I don't want to be top of feed!)","I'm sick of courses & groups 😬, Overwhelm / too much to do 😅",If there was a guarantee / work with me hands on that I actually see results from rather than applying strategies that may not work sustainably for my energy or biz 
R072,9/25/2025 16:54:55,I’m just getting started 👶,Mindset Mentor ,Plug & Play - a system of purchase this package/step by step how to,"R&D - in classes, learning, plotting, planning, website creation, audit of what platforms, cost analysis, legal formation",Connecting with clients,The to do list is so long; where to even begin,Myself,🌀 Inconsistent,🌀 Inconsistent,🌀 Inconsistent,"More Automated Sales from Email 🤖, More Clients 💵, Creating passive income from existing offers 📈, Running a Cozy & Creative Business 🧸",Structure it right while incorporating spaciousness ,You have to use social media to be successful,Overwhelm / too much to do 😅,It has to feel aligned - easy to follow through with and clarity/defined steps
R073,9/25/2025 17:49:59,I’m just getting started 👶,designer,I just want a step by step fool proof guide,Figuring out how to start,Vacationing!,Money worries,lack of clarity in what works consistently for me,🌀 Inconsistent,"🐌 Pressure, but can’t keep up","🐌 Pressure, but can’t keep up",Running a Cozy & Creative Business 🧸,make money online without burning out,post every day,"Not sure it will work for my business 🤔, Overwhelm / too much to do 😅, I'm sick of courses & groups 😬, Worried I won’t follow through 🙈",Step by step with guaranteed or measurable results
R074,9/26/2025 8:46:17,I’ve been in the game for a while but need more clients 💵,Nonprofit Consultant ,Systems,Content development ,Course sales ,What do I work on today ,Imposter syndrome ,"🐌 Pressure, but can’t keep up","🐌 Pressure, but can’t keep up","🐌 Pressure, but can’t keep up","Replacing Social Content with Slow Marketing☕, Running a Cozy & Creative Business 🧸, Creating passive income from existing offers 📈, Growing an Email List 💌, More Automated Sales from Email 🤖",Generate sales with a simple to maintain system,Hustle ,"Cost feels too high 💸, Overwhelm / too much to do 😅",Easy to tackle and implement 
R075,9/26/2025 9:08:14,I’m just getting started 👶,Occupational therapist ,Tell me what to do ,Day dreaming ,Making content and resources to help people ,Okay focus ,"Lack of direction, practical content development skills/tools, confidence ","🐌 Pressure, but can’t keep up","🙈 Use it, results meh","🙈 Use it, results meh","Running a Cozy & Creative Business 🧸, Replacing Social Content with Slow Marketing☕, Creating passive income from existing offers 📈",Make my ideas into actionable items ,Post on social media multiple times a day ,"Worried I won’t follow through 🙈, Cost feels too high 💸, Overwhelm / too much to do 😅, I'm sick of courses & groups 😬","I actually learn best by observing - I would like to learn the ins and outs and day to day of how someone runs a business similar to what I am hoping to achieve, lets me contribute where I can but also takes the lead on some things so I can learn from them. "
R076,9/26/2025 11:53:40,"I want more automation, evergreen sales, and soft productivity ☁️",Integrative Mental Health Coach,quality lead generation without relying on social media,1:1 client work ,"spending more time outside, moving my body, or reading a good book",“let’s do this”,sustainable lead generation systems,✂️ Would love to market without it,🌀 Inconsistent,✂️ Would love to market without it,"More Clients 💵, Replacing Social Content with Slow Marketing☕, Creating passive income from existing offers 📈, More Automated Sales from Email 🤖, Growing an Email List 💌, Running a Cozy & Creative Business 🧸",create a consistent flow of soul mate clients ,Posting consistently ,Overwhelm / too much to do 😅,"Combo of hands-on, plus a clear (and honest!) outcome/expectation of results"
R077,9/26/2025 11:56:29,I’m just getting started 👶,Certified Nutrition Practitioner,get more consistent clients,trying to acquire clients,helping others!,what's on my todo for today,being too shy to make in person connections,"🙈 Use it, results meh","😩 Stressful, but I rely on it",🌀 Inconsistent,"Replacing Social Content with Slow Marketing☕, More Leads from Pinterest 📌, More Clients 💵",get more clients,post everyday- multiple times a day,"Cost feels too high 💸, ",hahah a scholarship :p 
R078,9/26/2025 12:24:24,I’ve been in the game for a while but need more clients 💵,Business Consultant,"Help me get my tech to tech, please. ",Fixing tech problems. ,Actually running my business ,I wish I could just work on client projects instead of having to worry about what system to use,I can’t decide on a tech stack that isn’t $500 a month ,✂️ Would love to market without it,"😩 Stressful, but I rely on it",🌀 Inconsistent,"More Leads from Pinterest 📌, More Clients 💵, Creating passive income from existing offers 📈, Growing an Email List 💌","GET A SALES PAGE WITH THRIVE CART AND AN EMAIL SEQUENCE TO WORK, FOR THE LOVE!!!",Reach out to 50 people a day in the DMs ,I prefer done for you / more hands-on 🤝,Price 
R079,9/26/2025 12:35:17,I’ve been in the game for a while but need more clients 💵,Owner,Consistent clients who will pay my prices,"Odd end work, exchange for service work",Selling signature packages ,Where am I at with my clients? I need to apologize for not getting back to one I forgot about,Inconsistency - not knowing what exactly will work so I’m frozen,"🙈 Use it, results meh","🐌 Pressure, but can’t keep up","🐌 Pressure, but can’t keep up","More Clients 💵, More Automated Sales from Email 🤖",To get clients who will pay my prices,Create valuable content (I do but no clients from it),Worried I won’t follow through 🙈,Consistent flow of clients who see my value lining up to work with me
R080,9/26/2025 13:43:01,I’ve been in the game for a while but need more clients 💵,Mindset coach,Getting prospects to sell to!,Creating social media and lead magnets.,Actually working with clients,Here we go again!,My lead generation,✂️ Would love to market without it,🌀 Inconsistent,🌀 Inconsistent,"More Clients 💵, Replacing Social Content with Slow Marketing☕, Growing an Email List 💌, More Automated Sales from Email 🤖, More Leads from Pinterest 📌, Running a Cozy & Creative Business 🧸, Creating passive income from existing offers 📈",how to get it off the ground!!!,Posting on social media is the way to go.,I love your stuff but can't afford the bigger ticket stuff (back of house)...yet!,A done-for-you super lead generator that I can afford!
R081,9/26/2025 14:14:52,I’m just getting started 👶,Artist,Knowing clear steps to growing my business,Too much time on computer trying to figure out business steps.,"My work, my art.",I have emails to answer ,Not being open to taking steps/not knowing steps/being afraid to show up online in some capacity/be seen.,🌀 Inconsistent,"🙈 Use it, results meh","🙈 Use it, results meh","Replacing Social Content with Slow Marketing☕, More Automated Sales from Email 🤖, Growing an Email List 💌, Running a Cozy & Creative Business 🧸, Creating passive income from existing offers 📈, More Leads from Pinterest 📌, More Clients 💵","do the business part of my business, so I can work on the content and being into the mindset that I need to create my products.",Endless posting on social media - it stresses me out and I'm not good at that skillset.,Not sure it will work for my business 🤔,Step-by-step guides with little check-ins.
R082,9/26/2025 14:40:59,I’m just getting started 👶,not even sure ,"systems for getting started, producing content, growing an audience",ruminating,taking focused action (hello ADHD),i work on my 2 jobs- I manage nonprofits. and wish i were also creating for myself,confusion. lack of confidence and systems. shiny stuff,✂️ Would love to market without it,🌀 Inconsistent,🌀 Inconsistent,"Replacing Social Content with Slow Marketing☕, More Automated Sales from Email 🤖, Creating passive income from existing offers 📈, Running a Cozy & Creative Business 🧸, Growing an Email List 💌, More Leads from Pinterest 📌","get out of my head and systems for running a small biz - non client based, but creating content (for now till i know what to do!)",a lot of stuff,"i have, but haven't implemeted ANYTHING. sigh.","ADHD biz hand holding. building a back end with me so i know how to consume, when, how to note take (hello endless notebooks), how to use AI to help me create content, have systems to keep track of 'all the things', see progress, stay on track with my goals. minimalist. i'm not a millenial like the rest of your folks but i love what you put out there. i'm probably an outlier. a 50-year old girl who has spent over 50k on courses and is still not living my dream of running a biz. sooo many shiny things. a 10-year old kid, i'm working 2 jobs. sorry i just vomited my life story. undeniably worth it would be you giving me the systems, guidance with how to build them (I can be tech savvy), and voxer support - something with regular feedback and quick check-ins. to keep me on track and out of my head and working on 'the one thing'"
R083,9/26/2025 19:03:18,I’ve been in the game for a while but need more clients 💵,Business Consultant ,Getting consistent leads,Marketing ,Helping my clients ,I pray for a productive day,Not enough leads,"🐌 Pressure, but can’t keep up",🌀 Inconsistent,🌀 Inconsistent,"More Clients 💵, Replacing Social Content with Slow Marketing☕, Running a Cozy & Creative Business 🧸, More Leads from Pinterest 📌, Growing an Email List 💌",Getting clients consistently,Post more frequently,,
R084,9/26/2025 20:51:50,I’ve been in the game for a while but need more clients 💵,Editor of a wellness website,IDK what to use as my opt-in now that chatGPT can create unlimited content for people,Emails + writing blog posts,Relaxing at a wellness retreat hehe,How many emails do I have to reply to dtoday,The need to work another job in order to work on my side hustle,🌀 Inconsistent,🌀 Inconsistent,🌀 Inconsistent,"Growing an Email List 💌, Replacing Social Content with Slow Marketing☕",Keep on top of my inbox so I can focus on the creative stuff,"IDK maybe time scheduling stuff, ADHD brain here and I use the pomodoro technique that is really the only thing I have found that works",I have purchased :),You do all the work for me haha.
R085,9/26/2025 23:49:04,I’ve been in the game for a while but need more clients 💵,"Founder & Creative Director of Digital Holistic Media, a boutique digital media and marketing studio for holistic wellness","If I could wave a magic wand, I’d have supportive systems and hands-on help","Right now, I’m spending most of my time on client content creation, management, along with the behind-the-scenes ad hoc tasks"," I wish I were spending more time working on my business rather than in it - while having the space to rest, recharge, and be more present in my personal life.",My brain immediately goes into checklist mode.,myself - subconscious blocks around time/money,"😩 Stressful, but I rely on it",✨ My fave!,🌀 Inconsistent,"Running a Cozy & Creative Business 🧸, Growing an Email List 💌, Replacing Social Content with Slow Marketing☕",how to create a business that flows with ease and intention.,I don’t want to buy into the advice that you have to hustle nonstop and be online 24/7 to succeed,"Overwhelm / too much to do 😅, I prefer done for you / more hands-on 🤝, I have bought from you and I love your approach - also your prices feel very reasonable for what you are offering",more of the hands-on support and personalized feedback - done with you day for BOH
R086,9/27/2025 7:28:40,I’ve been in the game for a while but need more clients 💵,Language communication coach,Systems ,1st offer,Getting clients,What am I supposed to do now,Lack of clarity and systems,🌀 Inconsistent,🌀 Inconsistent,🌀 Inconsistent,"Replacing Social Content with Slow Marketing☕, More Clients 💵, More Leads from Pinterest 📌, Running a Cozy & Creative Business 🧸, Growing an Email List 💌",Set up the social media,"Grind, post more",Cost feels too high 💸,"Social media - how to use Pinterest and set it up, content calendar walkthrough "
R087,9/27/2025 19:10:50,I’ve been in the game for a while but need more clients 💵,Graphic Design,sustainable model,spinning wheels,sales and more impact,feeling stuck for lost time ,unsure where to begin or do next,"🙈 Use it, results meh",🌀 Inconsistent,"🙈 Use it, results meh","Creating passive income from existing offers 📈, Replacing Social Content with Slow Marketing☕, Growing an Email List 💌, More Clients 💵, Running a Cozy & Creative Business 🧸, More Leads from Pinterest 📌, More Automated Sales from Email 🤖",make everything work out well,work harder and waiting till i'm ready. would like something that works out regardless of my mood. ,"I prefer done for you / more hands-on 🤝, Not sure it will work for my business 🤔, Worried I won’t follow through 🙈, Cost feels too high 💸, Overwhelm / too much to do 😅, having a tough time ",would like a foundation that is reliable please
R088,9/29/2025 8:34:30,I’m booked out and need to scale with systems 📈,Entrepreneur - coach,Better conversion,Clients call + answering clients needs,Sales and conference,it's a great day ,Me ,"😩 Stressful, but I rely on it",🌀 Inconsistent,✨ My fave!,"More Automated Sales from Email 🤖, More Leads from Pinterest 📌, Replacing Social Content with Slow Marketing☕, Running a Cozy & Creative Business 🧸, More Clients 💵, Growing an Email List 💌, Creating passive income from existing offers 📈",convert,working more ,i already work with you ,?
R089,9/30/2025 22:23:40,I’ve been in the game for a while but need more clients 💵,Certified Mindset & Success coach + Motivational Speaker,Getting shit done. ,I’m not ,"1:1 clients, virtual masterclasses, speaking on stages. ",Let’s get this done,"Mental health, adhd paralysis (mental) and executive dysfunction ",🌀 Inconsistent,🌀 Inconsistent,✂️ Would love to market without it,"More Clients 💵, Running a Cozy & Creative Business 🧸, Replacing Social Content with Slow Marketing☕, Growing an Email List 💌, More Automated Sales from Email 🤖",Get shit done lol ,Oh Lord. I have a book. “Just keep posting.”,"Cost feels too high 💸, I prefer done for you / more hands-on 🤝",I don’t do courses. 
R090,10/1/2025 12:08:43,I’ve been in the game for a while but need more clients 💵,Brand and Web designer,more leads without the sales calls/pitch and constant social media,worring lol but really honestly trying to figurer out what I should be doing to move the needle. I am adhd and feel like I almost never accomplish anything but have a list of ideas,"I want to be doing creative work that fills my cup. creating, coming up with ideas, big picture stuff.",stress. how and I going to make ends meet this month. ,"showing up on socials, not knowing how to truly get constand leads. ",✂️ Would love to market without it,🌀 Inconsistent,✨ My fave!,"More Automated Sales from Email 🤖, Running a Cozy & Creative Business 🧸, More Leads from Pinterest 📌, Replacing Social Content with Slow Marketing☕, More Clients 💵",how to get leads with my marketing by spending less than 10 hours per month. people coming to me without me feeling like I am chasing them.,posting 3x a day. needing to show up on socials to make sales. too much noise on what my offer should be.,"Overwhelm / too much to do 😅, Cost feels too high 💸, Worried I won’t follow through 🙈","less than $300, a mix of how to videos, audio and done for you templates, something with short lessons less than 30 minutes that can quickly teach me real things that will move the needle in my business. I don't need another ""step 1- create a freebie. step 2-email sequence to upsell. ect"" I need the actual emails done, real ideas of what the hell kind of freebie do people even want ect."
R091,10/1/2025 17:32:28,"I want more automation, evergreen sales, and soft productivity ☁️",entrepreneur / founder,set up all my funnels,product creation to marketing,more passive,so much to do 🤣,need more visibility - bigger audience,✂️ Would love to market without it,✨ My fave!,🌀 Inconsistent,"More Automated Sales from Email 🤖, Replacing Social Content with Slow Marketing☕, Creating passive income from existing offers 📈, More Leads from Pinterest 📌, Growing an Email List 💌, Running a Cozy & Creative Business 🧸",Create funnels quickly,Hustle harder 🤦🏻‍♀️,I have purchased before,DFM
R092,10/2/2025 10:57:24,I’m just getting started 👶,CPA,get mire organized with my time,setting up systems,traveling,what went wrong or needs to be fixed,the right systems,"😩 Stressful, but I rely on it","🐌 Pressure, but can’t keep up",🌀 Inconsistent,"More Leads from Pinterest 📌, More Clients 💵, More Automated Sales from Email 🤖, Growing an Email List 💌, Running a Cozy & Creative Business 🧸, Creating passive income from existing offers 📈, Replacing Social Content with Slow Marketing☕",easily get more clients in my niche,not sure,"Overwhelm / too much to do 😅, ",not sure right now
R093,10/2/2025 15:51:15,"I want more automation, evergreen sales, and soft productivity ☁️",CEO,Automation,Client deliverables and admin,Creating,Ugh emails,Uncertainty,🌀 Inconsistent,✂️ Would love to market without it,✂️ Would love to market without it,"Running a Cozy & Creative Business 🧸, More Clients 💵, Creating passive income from existing offers 📈",Automate,Post daily,"I'm sick of courses & groups 😬, Worried I won’t follow through 🙈",Unsure
R094,10/8/2025 23:34:08,I’m just getting started 👶,Digital Product Creator,"Right now I'm stuck in the survey phase of my business (yup, and here I am trying to do one myself). I've sent out survey forms to FB group, LinkedIn group, even Reddit survey sub, but my Survey Response sheet is only collecting dust. I still a have a plan though, directly messaging my target market (working moms) in LinkedIn, FB, IG, but I don't how long I could hold it up, it will take so much time. I hope there's one effective place for me to send out my surveys and collect the intel I need to create a product.",market research for now. learning AI tools to help with setting up an online business.,"working on my admin duties at church, while earning passive income",should I work on my online business or should I pick up on my admin tasks for church (got so many backlogs now),"as a starter in this online business, i guess it's not having a solid system or backup plan. I research and research and that alone takes up too much of my time and energy",✂️ Would love to market without it,"😩 Stressful, but I rely on it",✂️ Would love to market without it,"Running a Cozy & Creative Business 🧸, Replacing Social Content with Slow Marketing☕, Creating passive income from existing offers 📈, More Automated Sales from Email 🤖, Growing an Email List 💌","go through online business step by step, tool by tool",spending on Ads,Overwhelm / too much to do 😅,honestly don't want to take anymore course 😭
R095,10/13/2025 13:35:38,I’m just getting started 👶,Consultant, more customers,Starting up,consulting,Get as much done as possible,Not knowing how to market,"😩 Stressful, but I rely on it",🌀 Inconsistent,✂️ Would love to market without it,"Replacing Social Content with Slow Marketing☕, More Clients 💵, Growing an Email List 💌, Running a Cozy & Creative Business 🧸, Creating passive income from existing offers 📈",Market,"don't market, use word of mouth","I prefer done for you / more hands-on 🤝, Worried I won’t follow through 🙈, I'm sick of courses & groups 😬",A totally custom marketing plan done for me
R096,11/11/2025 16:15:27,I’m just getting started 👶,Founder,Get me a VA that is basically my clone lol ,Thinking of what content pillars to use for my marketing ,I wished I could just be working with my clients instead of trying to figure out how to attract them to me,"What should I be doing first today, there’s so much I can’t bloody decide ",Overthinking! And my scattered brain hot mess ,"😩 Stressful, but I rely on it",🌀 Inconsistent,🌀 Inconsistent,"More Clients 💵, Running a Cozy & Creative Business 🧸, Growing an Email List 💌, More Leads from Pinterest 📌",make my marketing feel effortless by telling me what to do step by step ,"Start a podcast. Girl I’m already trying to figure out a million things, I can’t add a podcast to my long ass list lol ",I'm sick of courses & groups 😬,"If I follow along and get work done. Most courses are good but don’t help me make progress, it takes too long to complete and get through the workbooks"
